VEKA;Пластиковый профиль;EUROLINE;"<strong>Количество камер: </strong>4<br /><strong>Монтажная глубина: </strong>58 мм<br /><strong>Толщина наружной стенки: </strong>3 мм<br /><strong>Толщина стеклопакета: </strong>от 4 до 32 мм<br /><strong>Сопротивление теплопередаче: </strong>0,64 м2хС/Вт<br /><strong>Количество контуров уплотнения: </strong>2<br /><strong>Высота комбинации коробка + створка: </strong>113 мм<br /><strong>Высота фальца: </strong>18 мм";https://static.tildacdn.com/stor6362-3638-4334-b231-663561303839/39149693.jpg;3990;Окно глухое;Зима;1;https://wp.profi-bro.ru/static/calc/img/okno-01.jpg
VEKA;Пластиковый профиль;SOFTLINE;"<strong>Количество камер: </strong>5<br /><strong>Монтажная глубина: </strong>70 мм<br /><strong>Толщина наружной стенки: </strong>3 мм<br /><strong>Толщина стеклопакета: </strong>от 4 до 42 мм<br /><strong>Сопротивление теплопередаче: </strong>0,78 м2хС/Вт<br /><strong>Количество контуров уплотнения: </strong>2<br /><strong>Высота комбинации коробка + створка: </strong>118 мм<br /><strong>Высота фальца: </strong>21 мм";https://static.tildacdn.com/stor3830-3731-4561-b831-353935656634/60086114.jpg;4150;Окно глухое;Зима;1;https://wp.profi-bro.ru/static/calc/img/okno-01.jpg
VEKA;Пластиковый профиль;SOFTLINE 82;"<strong>Количество камер: </strong>7 - рама, 6 - створка<br /><strong>Монтажная глубина: </strong>82 мм<br /><strong>Толщина наружной стенки: </strong>3 мм<br /><strong>Толщина стеклопакета: </strong>от 24 до 52 мм<br /><strong>Сопротивление теплопередаче: </strong>1,06 м2хС/Вт<br /><strong>Количество контуров уплотнения: </strong>3<br /><strong>Высота комбинации коробка + створка: </strong>124 мм<br /><strong>Высота фальца: </strong>25 мм";https://static.tildacdn.com/stor6531-6139-4431-b230-393734656662/41523127.jpg;4980;Окно глухое;Зима;1;https://wp.profi-bro.ru/static/calc/img/okno-01.jpg
REHAU;Пластиковый профиль;BLITZ;"<strong>Количество камер: </strong>3<br /><strong>Монтажная глубина: </strong>60 мм<br /><strong>Толщина наружной стенки: </strong>2,7 мм<br /><strong>Толщина стеклопакета: </strong>до 32 мм<br /><strong>Сопротивление теплопередаче: </strong>0,68 м2хС/Вт<br /><strong>Количество контуров уплотнения: </strong>2<br /><strong>Звукоизоляция: </strong>20 дБ<br /><strong>Высота комбинации коробка + створка: </strong>105 мм";https://static.tildacdn.com/stor3137-6536-4730-a434-636264653234/64471542.jpg;3780;Окно п/о;Зима;2;
REHAU;Пластиковый профиль;GRAZIO;"<strong>Количество камер: </strong>5<br /><strong>Монтажная глубина: </strong>70 мм<br /><strong>Толщина наружной стенки: </strong>2,8 мм<br /><strong>Толщина стеклопакета: </strong>32-40 мм<br /><strong>Сопротивление теплопередаче: </strong>0,85 м2хС/Вт<br /><strong>Количество контуров уплотнения: </strong>2<br /><strong>Звукоизоляция: </strong>36-39 дБ<br /><strong>Высота комбинации коробка + створка: </strong>104 мм";https://static.tildacdn.com/stor6164-3038-4164-a335-353964366336/87265795.jpg;4380;Окно п/о;Зима;2;
REHAU;Пластиковый профиль;DELIGHT;"<strong>Количество камер: </strong>5<br /><strong>Монтажная глубина: </strong>70 мм<br /><strong>Толщина наружной стенки: </strong>2,8 мм<br /><strong>Толщина стеклопакета: </strong>32-40 мм<br /><strong>Сопротивление теплопередаче: </strong>0,80 м2хС/Вт<br /><strong>Количество контуров уплотнения: </strong>2<br /><strong>Звукоизоляция: </strong>от 36 дБ<br /><strong>Высота комбинации коробка + створка: </strong>109 мм";https://static.tildacdn.com/stor3236-3362-4637-b566-316530653935/83767286.jpg;4150;Окно п/о;Зима;2;
REHAU;Пластиковый профиль;INTELIO 80;"<strong>Количество камер: </strong>6<br /><strong>Монтажная глубина: </strong>80 мм<br /><strong>Толщина наружной стенки: </strong>2,8 мм<br /><strong>Толщина стеклопакета: </strong>44-50 мм<br /><strong>Сопротивление теплопередаче: </strong>0,95 м2хС/Вт<br /><strong>Количество контуров уплотнения: </strong>2<br /><strong>Звукоизоляция: </strong>от 45 дБ";https://static.tildacdn.com/stor3036-3733-4739-b565-303033343434/66487916.jpg;4880;Окно п/о;Зима;2;
REHAU;Пластиковый профиль;BRILLANT;"<strong>Количество камер: </strong>5<br /><strong>Монтажная глубина: </strong>70 мм<br /><strong>Толщина наружной стенки: </strong>2,8 мм<br /><strong>Толщина стеклопакета: </strong>32-40 мм<br /><strong>Сопротивление теплопередаче: </strong>0,85 м2хС/Вт<br /><strong>Количество контуров уплотнения: </strong>2<br /><strong>Звукоизоляция: </strong>от 38 дБ<br /><strong>Высота комбинации коробка + створка: </strong>120 мм";https://static.tildacdn.com/stor6166-3631-4561-a238-633662333231/51873261.jpg;4600;Окно п/о;Зима;2;
REHAU;Пластиковый профиль;GENEO;"<strong>Количество камер: </strong>6<br /><strong>Монтажная глубина: </strong>86 мм<br /><strong>Толщина наружной стенки: </strong>2,8 мм<br /><strong>Толщина стеклопакета: </strong>52 мм<br /><strong>Сопротивление теплопередаче: </strong>1,05 м2хС/Вт<br /><strong>Количество контуров уплотнения: </strong>2<br /><strong>Звукоизоляция: </strong>от 50 дБ";https://static.tildacdn.com/stor3537-3630-4132-b766-386436346539/84582793.jpg;5450;Окно глухое;Зима;2;
KBE;Пластиковый профиль;GUT;"<strong>Количество камер: </strong>3<br /><strong>Монтажная глубина: </strong>58 мм<br /><strong>Толщина наружной стенки: </strong>2,7 мм<br /><strong>Толщина стеклопакета: </strong>до 32 мм<br /><strong>Сопротивление теплопередаче: </strong>0,70 м2хС/Вт<br /><strong>Количество контуров уплотнения: </strong>2<br /><strong>Ударная вязкость: </strong>39,5 кДж/м2<br /><strong>Морозостойкость: </strong>до -60°С<br /><strong>Долговечность: </strong>более 40 лет";https://static.tildacdn.com/stor3831-3531-4333-b830-356662626462/65483417.jpg;3100;Окно глухое;Зима;2;
KBE;Пластиковый профиль;ENGINE;"<strong>Количество камер: </strong>3<br /><strong>Монтажная глубина: </strong>58 мм<br /><strong>Толщина наружной стенки: </strong>2,7 мм<br /><strong>Толщина стеклопакета: </strong>34 (50) мм<br /><strong>Сопротивление теплопередаче: </strong>0,70 м2хС/Вт<br /><strong>Количество контуров уплотнения: </strong>2<br /><strong>Ударная вязкость: </strong>39,5 кДж/м2<br /><strong>Морозостойкость: </strong>до -60°С<br /><strong>Долговечность: </strong>более 40 лет";https://static.tildacdn.com/stor3733-3032-4762-b065-306562336238/53787574.jpg;3900;Окно глухое;Зима;2;
KBE;Пластиковый профиль;ETALON;"<strong>Количество камер: </strong>3<br /><strong>Монтажная глубина: </strong>58 мм<br /><strong>Толщина наружной стенки: </strong>3 мм<br /><strong>Толщина стеклопакета: </strong>34 (50) мм<br /><strong>Сопротивление теплопередаче: </strong>0,70 м2хС/Вт<br /><strong>Количество контуров уплотнения: </strong>2<br /><strong>Ударная вязкость: </strong>39,5 кДж/м2<br /><strong>Морозостойкость: </strong>до -60°С<br /><strong>Долговечность: </strong>более 40 лет";https://static.tildacdn.com/stor6536-3865-4630-b737-303366383231/47726142.jpg;4400;Окно глухое;Зима;2;
KBE;Пластиковый профиль;ENERGY;"<strong>Количество камер: </strong>3<br /><strong>Монтажная глубина: </strong>70 мм<br /><strong>Толщина наружной стенки: </strong>3 мм<br /><strong>Толщина стеклопакета: </strong>до 42 мм<br /><strong>Сопротивление теплопередаче: </strong>0,81 м2хС/Вт<br /><strong>Количество контуров уплотнения: </strong>2<br /><strong>Ударная вязкость: </strong>39,5 кДж/м2<br /><strong>Морозостойкость: </strong>до -60°С<br /><strong>Долговечность: </strong>более 40 лет";https://static.tildacdn.com/stor3836-3137-4463-b338-666132366433/70861774.jpg;4000;Окно глухое;Зима;2;
KBE;Пластиковый профиль;EXPERT;"<strong>Количество камер: </strong>5 (рама и створка), 4,3 (импост)<br /><strong>Монтажная глубина: </strong>70 мм<br /><strong>Толщина наружной стенки: </strong>3 мм<br /><strong>Толщина стеклопакета: </strong>42 (58) мм<br /><strong>Сопротивление теплопередаче: </strong>0,83 м2хС/Вт<br /><strong>Количество контуров уплотнения: </strong>2<br /><strong>Ударная вязкость: </strong>39,5 кДж/м2<br /><strong>Морозостойкость: </strong>до -60°С<br /><strong>Долговечность: </strong>более 40 лет";https://static.tildacdn.com/stor3665-3566-4139-b739-623732643662/66557454.jpg;4300;Окно глухое;Зима;2;
KBE;Пластиковый профиль;KBE 76;"<strong>Количество камер: </strong>5<br /><strong>Монтажная глубина: </strong>76 мм<br /><strong>Толщина наружной стенки: </strong>2,8 мм<br /><strong>Толщина стеклопакета: </strong>до 50 мм<br /><strong>Сопротивление теплопередаче: </strong>0,93 м2хС/Вт<br /><strong>Количество контуров уплотнения: </strong>2<br /><strong>Ударная вязкость: </strong>39,5 кДж/м2<br /><strong>Морозостойкость: </strong>до -60°С<br /><strong>Долговечность: </strong>более 40 лет";https://static.tildacdn.com/stor3264-3965-4338-b036-306131613136/55092067.jpg;4980;Окно глухое;Зима;2;
KBE;Пластиковый профиль;KBE 88;"<strong>Монтажная ширина: </strong>88 мм<br /><strong>Максимальная толщина стеклопакета: </strong>52 мм<br /><strong>Количество камер: </strong>6<br /><strong>Возможность комбинации с ""широкой рамой"": </strong>Нет<br /><strong>Морозостойкость: </strong>до - 60°С<br /><strong>Максимальный размер створки окна: </strong>150 см х 150 см<br /><strong>Максимальный размер створки балконной двери: </strong>90 см х 235 см<br /><strong>Удаление фурнитурного паза: </strong>13 мм<br /><strong>Герметичность контуров уплотнения: </strong>соответствуют классу А<br /><strong>Долговечность (условных лет) - </strong>более 40 лет<br /><strong>Коэффициент сопротивления теплопередаче: </strong>1,04 (0,953) м2°С/Вт<br /><strong>Ударная вязкость: </strong>44,2 кДж/м2";https://static.tildacdn.com/stor3232-3733-4933-a634-616266353663/39651851.jpg;5150;Окно глухое;Зима;2;
WHS;Пластиковый профиль;WHS 60;"<strong>Количество камер: </strong>4<br /><strong>Монтажная ширина: </strong>60 мм<br /><strong>Ширина рама + створка: </strong>106 мм<br /><strong>Толщина стеклопакета: </strong>24-32 мм<br /><strong>Цвет уплотнений: </strong>черный<br /><strong>Уплотнитель: </strong>2 контура<br /><strong>Материал уплотнителя: </strong>Артк, силикон<br /><strong>Цвет профиля: </strong>Белый<br /><strong>Сопротивление теплопередаче: </strong>0,66 м?С/Вт<br /><strong>Срок эксплуатации: </strong>50 лет";https://static.tildacdn.com/stor6665-3737-4237-b834-333564333235/29433837.jpg;3654;Окно глухое;Зима;2;
WHS;Пластиковый профиль;WHS 72;"<strong>Количество камер: </strong>5<br /><strong>Монтажная ширина: </strong>72 мм<br /><strong>Толщина стеклопакета: </strong>44 мм<br /><strong>Цвет уплотнений: </strong>светло-серый, черный<br /><strong>Высота-пакета профилей рама-створка: </strong>111 мм<br /><strong>Уплотнитель: </strong>2 контура<br /><strong>Материал уплотнителя: </strong>силикон<br /><strong>Цвет профиля: </strong>Белый, Коричневый<br /><strong>Сопротивление теплопередаче: </strong>0,77 м?С/Вт<br /><strong>Срок эксплуатации: </strong>50 лет";https://static.tildacdn.com/stor3432-3432-4336-b239-633863623736/76506249.jpg;4500;Окно глухое;Зима;2;
BRUSBOX;Пластиковый профиль;AERO;<strong>Конструктивная ширина: </strong>60 мм<br /><strong>Количество камер: </strong>3 шт<br /><strong>Толщина лицевых стенок: </strong>2.5 мм<br /><strong>Максимальная толщина заполнения: </strong>32 мм<br /><strong>Сопротивление теплопередаче: </strong>0.85/0.76м?°С/Вт (без армирования);https://static.tildacdn.com/stor3864-3265-4137-b430-396635306336/23917383.jpg;3890;Дверь однозапорная;Лето;3;
BRUSBOX;Пластиковый профиль;ACLASS;"<strong>Конструктивная ширина: </strong>60 мм<br /><strong>Количество камер: </strong>3 шт<br /><strong>Толщина лицевых стенок: </strong>3 мм<br /><strong>Максимальная толщины заполнения: </strong>32 мм<br /><strong>Сопротивление теплопередаче: </strong>0,84/0.74 м*?°С/Вт (без армирования)";https://static.tildacdn.com/stor3761-3233-4265-b832-363134633031/72821400.jpg;4640;Дверь однозапорная;Лето;3;
BRUSBOX;Пластиковый профиль;SUPER AERO;<strong>Конструктивная ширина: </strong>70 мм<br /><strong>Количество камер: </strong>5 шт<br /><strong>Толщина лицевых стенок: </strong>2.5 мм<br /><strong>Максимальная толщины заполнения: </strong>40 мм<br /><strong>Сопротивление теплопередаче: </strong>0.89/0.81 м?°С/Вт (без армирования);https://static.tildacdn.com/stor6264-3363-4539-b162-373664323263/47073239.jpg;3450;Дверь однозапорная;Лето;3;
MELKE;Пластиковый профиль;SMART 60;"<strong>Ширина створки и рамы: </strong>60 мм<br /><strong>Ширина стеклопакета варьируется: </strong>24 мм или 32 мм<br /><strong>Количество камер: </strong>4<br /><strong>Класс воздухопроницаемости: </strong>А<br /><strong>Класс водопроницаемости: </strong>А<br /><strong>Теплосопротивление: </strong>0,88 м? С/Вт<br /><strong>Коэффициент водонепроницаемости: </strong>600 ПА<br /><strong>Класс сопротивления теплопередачи в системе Melke: </strong>A1<br /><strong>Цвет уплотнителя: </strong>белый, черный, серый<br /><strong>Срок эксплуатации: </strong>50 лет";https://static.tildacdn.com/stor3631-3038-4366-a630-376563306233/50944897.jpg;4000;Дверь однозапорная;Лето;3;
MELKE;Пластиковый профиль;EVOLUTION 70;"<strong>Ширина створки и рамы: </strong>70 мм.<br /><strong>Ширина стеклопакета варьируется: </strong>32-40 мм.<br /><strong>Количество камер: </strong>5.<br /><strong>Класс воздухопроницаемости: </strong>А,<br /><strong>Класс водопроницаемости: </strong>А <br /><strong>Теплосопротивление: </strong>1,06 м? С/Вт \u003B <br /><strong>Коэффициент водонепроницаемости: </strong>1150 ПА \u003B <br /><strong>Количество контуров уплотнения: </strong>2<br /><strong>Толщина замкнутого армирования: </strong>1,5 мм<br /><strong>Уплотнители: </strong>серый цвет<br /><strong>Класс сопротивления теплопередачи в системе Melke: </strong>A1<br /><strong>Премиум фурнитура: </strong>Siegenia Titan<br /><strong>Срок эксплуатации: </strong>50 лет.";https://static.tildacdn.com/stor3334-3564-4963-a465-343336663166/34249161.jpg;3000;Дверь однозапорная;Лето;3;
MELKE;Пластиковый профиль;ART 85;"<strong>Толщина стенок профиля: </strong>3 мм<br /><strong>Толщина створки: </strong>85 мм<br /><strong>Толщина рамы: </strong>70 мм<br /><strong>Энергосберегающий стеклопакет: </strong>32 мм<br /><strong>Толщина армирования: </strong>1,5 мм<br /><strong>Теплоизоляция: </strong>1,06 м2С/Вт<br /><strong>Класс воздухопроницаемости: </strong>А<br /><strong>Класс водопроницаемости: </strong>А<br /><strong>Класс теплоизоляции: </strong>А1<br /><strong>Двухконтурное уплотнение: </strong>Да<br /><strong>Количество камер: </strong>5/6<br /><strong>Срок эксплуатации: </strong>50 лет";https://static.tildacdn.com/stor6331-3335-4939-a365-663764323939/94439114.jpg;5000;Дверь однозапорная;Лето;3;
KALEVA;Пластиковый профиль;ALUVET COLD;"<strong>Монтажная ширина рамы: </strong>45 мм<br /><strong>Ширина створок: </strong>до 55 мм<br /><strong>Тип готовых конструкций (теплый/холодный): </strong>холодный<br /><strong>Толщина заполнения:</strong><br /><ul><li>Стекло одинарное 6 мм и стеклопакет 24 мм  \u003B </li><li>9-10 мм – непрозрачное заполнение из сэндвич-панели (наборной)</li></ul><strong>Цвет профиля: </strong>Белый<br /><strong>Возможность цветового исполнения: </strong>Покраска с 2-х сторон в один цвет по RAL<br /><strong>Общие ограничения по архитектурному рисунку: </strong>Прямоугольные<br /><strong>Возможные варианты открывания</strong><br /><ul><li>Окна: глухие, повортные, поворотно-откидные, откидные, комбинированные</li><li>Двери: одностворчатые с открыванием внутрь или наружу поворотные</li></ul><strong>Цвет уплотнения: </strong>черный<br /><strong>Возможность распашного открывания: </strong>в окнах нет штульпового открывания / в дверях возможно штульповое открывание<br /><strong>Применяемое заполнение: </strong>стекло 6мм, стеклопакет толщиной 24 мм<br /><strong>Применяемая фурнитура</strong><br /><ul><li>Окна: фурнитура GU UNI JET</li><li>Двери: Сатурн, Gardia</li></ul>";https://static.tildacdn.com/stor3066-3563-4233-b435-666139333763/11923130.jpg;4210;Дверь однозапорная;Лето;3;
KALEVA;Пластиковый профиль;ALUVET CS;"<strong>Стандартный цвет профиля: </strong>Белый<br /><strong>Возможно покрасить: </strong>с двух сторон в один цвет по шкале RAL<br /><strong>Усиленные алюминиевые профиля с толщиной стенок: </strong>1,2-1,7 мм.<br /><strong>Усиленный профиль створки с пилоном обеспечивает высоту створки: </strong>до 2400 мм. (для 1-3 этажа)<br /><strong>Сборка створки: </strong>производится на специальные закладные, что усиливает ее жёсткость.<br />Использование усиленных роликов с подшипником:<br />позволяет изготавливать створки массой до 100 кг<br /><strong>с количеством циклов «открывание-закрывание» до 25000Максимальная ширина рамы: </strong>до 5900 мм<br /><strong>Максимальная ширина створки: </strong>до 1700 мм<br /><strong>Заполнение: </strong>только 6 мм закаленное стекло";https://static.tildacdn.com/stor3535-6665-4736-b731-663039373033/11827333.jpg;5150;Дверь однозапорная;Лето;3;
KALEVA;Пластиковый профиль;ALUVET PUBLIC;"<strong>Монтажная ширина рамы: </strong>65 мм<br /><strong>Ширина створок: </strong>до 75 мм<br /><strong>Тип готовых конструкций (теплый/холодный): </strong>теплый<br /><strong>Коэффициент сопротивления теплопередаче: </strong>до 0,61 м? х оС/Вт<br /><strong>Терморазрыв: </strong>30 мм (материал - стеклонаполненный полиамид) \u003B <br /><strong>Толщина заполнения:</strong><br /><ul><li>24 мм, 32 мм и 42 мм (стеклопакеты) \u003B </li><li>32 мм – непрозрачное заполнение из сэндвич-панели в глухой части \u003B</li><li>40 мм – непрозрачное заполнение из наборной сэндвич-панели в створке.</li></ul><strong>Стандартный цвет профиля: </strong>Белый<br /><strong>Возможность цветового исполнения: </strong>Покраска по шкале RAL, декорирование, ламинация с одной или с 2-х сторон.<br /><strong>Общие ограничения по архитектурному рисунку:</strong><br /><ul><li>Прямоугольные (вся серия Public)</li><li>Прямоугольные, трапециевидные, треугольные, многоугольные, арочные (только Public Window Max)</li></ul><strong>Возможные варианты открывания:</strong><br /><ul><li>Окна: глухие, повортные, поворотно-откидные, откидные, комбинированные</li><li>Двери: одностворчатые с открыванием внутрь или наружу поворотные</li></ul><strong>Цвет уплотнения: </strong>черный<br /><strong>Возможность распашного открывания:</strong><br /><ul><li>Вокнах нет штульпового открывания</li><li>В дверях возможно штульповое открывание</li></ul><strong>Применяемое заполнение:</strong><br /><ul><li>Стеклопакет 24мм, 32мм, 42мм</li><li>Сэндвич 32мм, 40мм</li></ul><strong>Применяемая фурнитура:</strong><br /><ul><li>Окна: фурнитура GU UNI JET, Savio</li><li>Двери: Сатурн, Gardian</li></ul>";https://static.tildacdn.com/stor6265-6364-4336-a330-373733656661/69887661.jpg;5450;Дверь однозапорная;Лето;3;
KALEVA;Пластиковый профиль;ALUVET HOME;"<strong>Монтажная ширина рамы: </strong>75 мм<br /><strong>Ширина створок: </strong>до 85 мм<br /><strong>Тип готовых конструкций (теплый/холодный): </strong>теплый (повышенная термоизоляция)<br /><strong>Терморазрыв: </strong>40 мм (материал - стеклонаполненный полиамид)<br /><strong>Толщина заполнения:</strong><br /><ul><li>32 мм, 42 мм и 46 мм (46 мм в скрытой створке)</li><li>32 мм и 42 мм и 46 мм – непрозрачное заполнение из сэндвич-панели (46 мм в скрытой створке)</li></ul><strong>Коэффициент сопротивления теплопередаче: </strong>до 1,00 м?х°С/ Вт (класс А1)<br /><strong>Стандартный цвет профиля: </strong>Белый<br /><strong>Возможность цветового исполнения: </strong>Покраска по шкале RAL, декорирование, ламинация с одной или с 2-х сторон.<br /><strong>Общие ограничения по архитектурному рисунку:</strong><br /><ul><li>Прямоугольные (вся серия Home)</li><li>Прямоугольные, трапециевидные, треугольные, многоугольные, арочные (только Home Window Max)</li></ul><strong>Возможные варианты открывания:</strong><br /><ul><li>Окна: глухие, повортные, поворотно-откидные, откидные, комбинированные</li><li>Двери: одностворчатые с открыванием внутрь или наружу поворотные, с ПВХ-обвязкой</li></ul><strong>Цвет уплотнения: </strong>черный<br /><strong>Возможность распашного открывания:</strong><br /><ul><li>В окнах нет штульпового открывания</li><li>В дверях возможно штульповое открывание</li></ul><strong>Применяемое заполнение:</strong><br /><ul><li>Стеклопакет 32мм, 42мм, 46мм</li><li>Сэндвич 32мм, 42мм, 46 мм</li></ul><strong>Применяемая фурнитура:</strong><br /><ul><li>Окна: фурнитура GU UNI JET, Savio</li><li>Двери: Сатурн, Gardian</li></ul>";https://static.tildacdn.com/stor3463-6562-4735-b266-653233653338/34700014.jpg;5990;Окно глухое;Лето;1;https://wp.profi-bro.ru/static/calc/img/okno-01.jpg
GEALAN;Пластиковый профиль;GEALAN-8000;"<strong>Количество камер: </strong>4<br /><strong>Монтажная глубина ПВХ профиля: </strong>74 мм<br /><strong>Низкий порог для балконных дверей: </strong>20 мм<br /><strong>Максимальная высота створки: </strong>до 2,3м<br /><strong>Теплоизоляция: </strong>до 0,89 м2°С/Вт<br /><strong>Шумопоглощение: </strong>до 45 дБ<br /><strong>Количество контуров уплотнения: </strong>2<br /><strong>Армирование: толщиной </strong>1,4-2 мм<br /><strong>Ширина стеклопакета: </strong>до 46 мм";https://static.tildacdn.com/stor6666-6635-4234-a437-323134623562/81461990.jpg;4990;Окно глухое;Лето;1;https://wp.profi-bro.ru/static/calc/img/okno-01.jpg
GEALAN;Пластиковый профиль;GEALAN-9000;"<strong>Толщиной стеклопакета: </strong>до 54 мм<br /><strong>Количество камер: </strong>6<br /><strong>Монтажной глубины: </strong>82,5 мм<br /><strong>Количество контуров уплотнения: </strong>3<br /><strong>Теплопроводность: </strong>R0 до 1,15 м2 *C/Вт (средний уплотнитель) и до 1,03 m2 *C/В (упорный уплотнитель).<br /><strong>Глубина установки стеклопакета: </strong>26 мм";https://static.tildacdn.com/stor3032-6239-4330-a132-343631396134/58390194.jpg;6120;Окно глухое;Лето;1;https://wp.profi-bro.ru/static/calc/img/okno-01.jpg
СИАЛ;Алюминиевый профиль;КП45;"<strong>Толщина рамы: </strong>45 мм<br /><strong>Видимая толщина профиля: </strong>48-95 мм<br /><strong>Тип профиля: </strong>холодный<br /><strong>Заполнение: </strong>стекло, стеклопакет, листовой материал<br /><strong>Толщина заполнения: </strong>4, 5, 6, 8, 10, 15, 16, 18, 24 мм<br /><strong>Тип открывания: </strong>поворотный, раздвижной<br /><strong>Герметизация: </strong>EPDM, полиамид<br /><strong>Тип конструкции: </strong>окна на балкон, витражи";https://static.tildacdn.com/stor3736-6361-4436-a139-306365363362/59695894.jpg;5100;Окно глухое;Лето;1;https://wp.profi-bro.ru/static/calc/img/okno-01.jpg
СИАЛ;Алюминиевый профиль;КПТ60;"<strong>Тип профиля: </strong>теплый<br /><strong>Количество камер: </strong>3<br /><strong>Монтажная ширина: </strong>60 мм<br /><strong>Глубина: </strong>от 53 до 124 мм<br /><strong>Варианты заполнения: </strong>стеклопакеты, непрозрачные листовые материалы<br /><strong>Толщина стеклопакетов: </strong>от 10 до 50 мм<br /><strong>Сопротивление теплопередаче: </strong>до 0,64 м?хС/Вт (с применением вилатерма)<br /><strong>Терморазрыв: </strong>стеклонаполненный полиамид (ширина вставки 24 мм)<br /><strong>Уплотнитель: </strong>EPDM<br /><strong>Тип открывания: </strong>поворотное, откидное, фрамужное<br /><strong>Тип конструкции: </strong>окна, двери, витражи<br /><strong>Максимальная высота створки: </strong>3000 мм<br /><strong>Максимальная ширина створки: </strong>2500 мм<br /><strong>Фурнитурный паз: </strong>16 мм<br /><strong>Вид покрытия: </strong>полиэфирное порошковое покрытие";https://static.tildacdn.com/stor6563-6333-4134-b438-383438353630/80303442.jpg;6200;Окно глухое;Лето;1;https://wp.profi-bro.ru/static/calc/img/okno-01.jpg
ALVID;Алюминиевый профиль;ALD WD-66;"НУЖНО ДОПИСАТЬ<strong>Тип профиля: </strong>теплый<br /><strong>Количество камер: </strong>3<br /><strong>Монтажная ширина: </strong>60 мм<br /><strong>Глубина: </strong>от 53 до 124 мм<br /><strong>Варианты заполнения: </strong>стеклопакеты, непрозрачные листовые материалы<br /><strong>Толщина стеклопакетов: </strong>от 10 до 50 мм<br /><strong>Сопротивление теплопередаче: </strong>до 0,64 м?хС/Вт (с применением вилатерма)<br /><strong>Терморазрыв: </strong>стеклонаполненный полиамид (ширина вставки 24 мм)<br /><strong>Уплотнитель: </strong>EPDM<br /><strong>Тип открывания: </strong>поворотное, откидное, фрамужное<br /><strong>Тип конструкции: </strong>окна, двери, витражи<br /><strong>Максимальная высота створки: </strong>3000 мм<br /><strong>Максимальная ширина створки: </strong>2500 мм<br /><strong>Фурнитурный паз: </strong>16 мм<br /><strong>Вид покрытия: </strong>полиэфирное порошковое покрытие";http://;15600;Окно глухое;Зима;1;https://wp.profi-bro.ru/static/calc/img/okno-01.jpg
ALVID;Алюминиевый профиль;ALD WD-66;"НУЖНО ДОПИСАТЬ<strong>Тип профиля: </strong>теплый<br /><strong>Количество камер: </strong>3<br /><strong>Монтажная ширина: </strong>60 мм<br /><strong>Глубина: </strong>от 53 до 124 мм<br /><strong>Варианты заполнения: </strong>стеклопакеты, непрозрачные листовые материалы<br /><strong>Толщина стеклопакетов: </strong>от 10 до 50 мм<br /><strong>Сопротивление теплопередаче: </strong>до 0,64 м?хС/Вт (с применением вилатерма)<br /><strong>Терморазрыв: </strong>стеклонаполненный полиамид (ширина вставки 24 мм)<br /><strong>Уплотнитель: </strong>EPDM<br /><strong>Тип открывания: </strong>поворотное, откидное, фрамужное<br /><strong>Тип конструкции: </strong>окна, двери, витражи<br /><strong>Максимальная высота створки: </strong>3000 мм<br /><strong>Максимальная ширина створки: </strong>2500 мм<br /><strong>Фурнитурный паз: </strong>16 мм<br /><strong>Вид покрытия: </strong>полиэфирное порошковое покрытие";http://;16000;Окно п/о;Зима;2;https://wp.profi-bro.ru/static/calc/img/okno-03.jpg
ALVID;Алюминиевый профиль;ALD WD-66;"Теплый профиль, Дверь однозапорная";http://;16500;Дверь однозапорная;Зима;3;
ALVID;Алюминиевый профиль;ALD WD-66;"Теплый профиль, Дверь многозапорная";http://;18700;Дверь многозапорная;Зима;4;
ALVID;Алюминиевый профиль;ALD WD-45;"Теплый профиль, Окно глухое";http://;14000;Окно глухое;Лето;1;https://wp.profi-bro.ru/static/calc/img/okno-01.jpg
ALVID;Алюминиевый профиль;ALD WD-45;"Теплый профиль, Окно п/о";http://;14400;Окно п/о;Лето;2;https://wp.profi-bro.ru/static/calc/img/okno-03.jpg
ALVID;Алюминиевый профиль;ALD WD-45;"Теплый профиль, Дверь однозапорная";http://;14900;Дверь однозапорная;Лето;3;
ALVID;Алюминиевый профиль;ALD WD-45;"Теплый профиль, Дверь многозапорная";http://;16800;Дверь многозапорная;Лето;4;
ALUTECH;Алюминиевый профиль;ALT C48;"<strong>Толщина заполнения: </strong>до 30 мм<br /><strong>Макс. вес заполнения: </strong>140 кг<br /><strong>Внутренняя видимая ширина профиля: </strong>48-150 мм<br /><strong>Внешняя видимая ширина профиля: </strong>26-106 мм<br /><strong>Максимальный момент инерции: </strong>150 см4<br /><strong>Водопроницаемость (ГОСТ 26602.1-99): </strong>Класс А<br /><strong>Воздухопроницаемость (ГОСТ 26602.1-99): </strong>Класс А<br /><strong>Сопр. ветровой нагрузке (ГОСТ 26602.1-99): </strong>Класс А<br /><strong>Способ фиксации заполнения: </strong>штапики<br /><strong>Тип встраиваемых конструкций: </strong>поворотные, поворотно - откидные";https://static.tildacdn.com/stor6463-3533-4633-b734-393639656633/52584883.jpg;4900;Окно п/о;Лето;2;https://wp.profi-bro.ru/static/calc/img/okno-03.jpg
ALUTECH;Алюминиевый профиль;ALT W62;"<strong>Максимальная высота створки: </strong>2500 мм<br /><strong>Максимальная ширина створки: </strong>1600 мм<br /><strong>Макс. вес заполнения: </strong>150 кг<br /><strong>Толщина заполнения: </strong>до 50 мм<br /><strong>Теплопроводность: </strong>Uf = 2,92 W/m2•K<br /><strong>Приведенное сопр. теплопередаче (ГОСТ 26602.1-99): </strong>R? = 0,67 м2•°С/Вт<br /><strong>Водопроницаемость (ГОСТ 26602.1-99): </strong>Класс А<br /><strong>Воздухопроницаемость (ГОСТ 26602.1-99): </strong>Класс А<br /><strong>Сопр. ветровой нагрузке (ГОСТ 26602.1-99): </strong>Класс А<br /><strong>Звукоизоляция (ГОСТ 22602.3-2016): </strong>До 43 дБ<br /><strong>Класс взломостойкости: </strong>RC2 (СТБ EN 1627)";https://static.tildacdn.com/stor6263-6635-4361-b964-343938333531/31156354.jpg;6100;Окно п/о;Лето;2;https://wp.profi-bro.ru/static/calc/img/okno-03.jpg
ALUTECH;Алюминиевый профиль;ALT W72;"<strong>Максимальная высота створки: </strong>2500 мм<br /><strong>Максимальная ширина створки: </strong>1600 мм<br /><strong>Макс. вес заполнения: </strong>150 кг<br /><strong>Толщина заполнения: </strong>до 58 мм<br /><strong>Теплопроводность: </strong>Uf = 1,59 W/m2•K<br /><strong>Приведенное сопр. теплопередаче (ГОСТ 26602.1-99): </strong>R? = 1,04 м2•°С/Вт<br /><strong>Водопроницаемость (ГОСТ 26602.1-99): </strong>Класс А<br /><strong>Воздухопроницаемость (ГОСТ 26602.1-99): </strong>Класс А<br /><strong>Сопр. ветровой нагрузке (ГОСТ 26602.1-99): </strong>Класс А<br /><strong>Звукоизоляция (ГОСТ 22602.3-2016): </strong>до 48 дБ<br /><strong>Класс взломостойкости: </strong>RC2 (СТБ EN 1627)";https://static.tildacdn.com/stor6134-6264-4135-a339-666432613562/21911912.jpg;6330;Окно п/о;Лето;2;https://wp.profi-bro.ru/static/calc/img/okno-03.jpg
VIDNAL;Алюминиевый профиль;V60 W;"<strong>Коэффициент приведенного сопротивления теплопередаче: </strong>0,5-0,7<br /><strong>Класс по показателю сопротивления теплопередаче: </strong>Г1<br /><strong>Класс по показателю воздухопроницаемости: </strong>A<br /><strong>Класс по показателю звукоизоляции класс/ДБ: </strong>Г/29<br /><strong>Класс по показателю пропускания света: </strong>A<br /><strong>Монтажная глубина рамы: </strong>60 мм<br /><strong>Монтажная глубина створки: </strong>69<br /><strong>Диапазон толщины заполнения: </strong>14-42 мм<br /><strong>Типы открывания:</strong><br /><ul><li>Поворотно-откидная створка</li><li>Штульповое окно</li><li>Фрамуга</li><li>Скрытая фурнитура</li><li>Поворотное верхнеподвесное</li></ul><strong>Безопасность:</strong><br /><ul><li>Соответствие ГОСТ 23166-99, ГОСТ 21519-2003</li><li>Соответствие ГОСТ 21519-2003</li></ul><strong>Покрытие и обработка поверхности:</strong><br /><ul><li>Покраска порошковой краской по RAL</li><li>Анодно-окисное покрытие различные цвета</li><li>Двухцветность</li></ul>";https://static.tildacdn.com/stor6433-3238-4633-b836-383763643363/79627790.jpg;5911;Окно п/о;Лето;2;https://wp.profi-bro.ru/static/calc/img/okno-03.jpg
VIDNAL;Алюминиевый профиль;V68;"<strong>Коэффициент приведенного сопротивления теплопередаче: </strong>1,03<br /><strong>Класс по показателю сопротивления теплопередаче: </strong>A1<br /><strong>Класс по показателю воздухопроницаемости: </strong>A<br /><strong>Класс по показателю звукоизоляции класс/ДБ: </strong>A/40<br /><strong>Класс по показателю пропускания света: </strong>A<br /><strong>Монтажная глубина рамы: </strong>68/88 мм<br /><strong>Монтажная глубина створки: </strong>77<br /><strong>Диапазон толщины заполнения: </strong>14-42 мм<br /><strong>Типы открывания:</strong><br /><ul><li>Поворотно-откидная створка</li><li>Штульповое окно</li><li>Фрамуга</li><li>Скрытая фурнитура</li><li>Поворотное верхнеподвесное</li></ul><strong>Безопасность:</strong><br /><ul><li>Соответствие ГОСТ 22602.1-99</li><li>Соответствие ГОСТ 22602.2-99</li><li>Соответствие ГОСТ 23166-99</li><li>Соответствие ГОСТ 21519-2003</li></ul><strong>Покрытие и обработка поверхности:</strong><br /><ul><li>Покраска порошковой краской по RAL</li><li>Анодно-окисное покрытие различные цвета</li><li>Двухцветность</li></ul>";https://static.tildacdn.com/stor6561-3837-4330-a166-646238616134/85680760.jpg;6312;Окно п/о;Лето;2;https://wp.profi-bro.ru/static/calc/img/okno-03.jpg
VIDNAL;Алюминиевый профиль;V72 W;"<strong>Коэффициент приведенного сопротивления теплопередаче: </strong>1,03<br /><strong>Класс по показателю сопротивления теплопередаче: </strong>A1<br /><strong>Класс по показателю воздухопроницаемости: </strong>A<br /><strong>Класс по показателю звукоизоляции класс/ДБ: </strong>A/40<br /><strong>Класс по показателю пропускания света: </strong>A<br /><strong>Монтажная глубина рамы: </strong>72 мм<br /><strong>Монтажная глубина створки: </strong>81 мм<br /><strong>Диапазон толщины заполнения: </strong>25-49 мм<br /><strong>Типы открывания:</strong><br /><ul><li>Поворотное</li><li>Поворотно-откидное</li><li>Штульповое окно</li><li>Фрамуга</li><li>Складное-гармошка</li><li>Наклонно-сдвижное</li></ul><strong>Безопасность:</strong><br /><ul><li>Соответствие ГОСТ 22602.1-99</li><li>Соответствие ГОСТ 22602.2-99</li><li>Соответствие ГОСТ 23166-99</li><li> Соответствие ГОСТ 21519-2003</li></ul><strong>Покрытие и обработка поверхности:</strong><br /><ul><li> Покраска порошковой краской по RAL</li><li> Анодно-окисное покрытие различные цвета</li><li> Двухцветность</li></ul>";https://static.tildacdn.com/stor3766-3764-4961-b732-346334383638/70666635.jpg;6590;Окно п/о;Лето;2;https://wp.profi-bro.ru/static/calc/img/okno-03.jpg
ТАТПРОФ;Алюминиевый профиль;ТПТ-95;"<strong>Ширина профиля рамы: </strong>95 мм<br /><strong>Ширина профиля створки: </strong>103 мм<br /><strong>Цвет: </strong>любой по шкале Ral<br /><strong>Тип профиля: </strong>теплый<br /><strong>Толщина стеклопакетов: </strong>44-58 мм<br /><strong>Уплотнители: </strong>соответвуют ГОСТ 30778-2001<br /><strong>Фурнитура: </strong>Sobino, Giesse, «Сатурн», Roto, Fapim и пр.<br /><strong>Сплав: </strong>6060 ГОСТ 22233-2001<br /><strong>Тип конструции: </strong>окна, двери<br /><strong>Покрытие: </strong>полимерно-порошковое";https://static.tildacdn.com/stor6164-6263-4131-a562-613465316334/11156352.jpg;6700;Окно п/о;Лето;2;https://wp.profi-bro.ru/static/calc/img/okno-03.jpg
ТАТПРОФ;Алюминиевый профиль;ТПТ-72;"<strong>Ширина профиля рамы: </strong>72 мм<br /><strong>Ширина профиля створки: </strong>80 мм<br /><strong>Цвет: </strong>любой по шкале Ral<br /><strong>Тип профиля: </strong>теплый<br /><strong>Толщина стеклопакетов: </strong>51 мм<br /><strong>Уплотнители: </strong>соответвуют ГОСТ 30778-2001<br /><strong>Фурнитура: </strong>Sobino, Giesse, «Сатурн», Roto, Fapim и пр.<br /><strong>Сплав: </strong>6060 ГОСТ 22233-2001<br /><strong>Тип конструции: </strong>окна, фасады<br /><strong>Покрытие: </strong>полимерно-порошковое<br /><strong>Термомосты: </strong>Полиамид, 34 мм";https://static.tildacdn.com/stor6164-3637-4239-a331-333864666466/30669094.jpg;6900;Окно п/о;Лето;2;https://wp.profi-bro.ru/static/calc/img/okno-03.jpg
ТАТПРОФ;Алюминиевый профиль;ТПТ-65;"<strong>Ширина профиля рамы: </strong>65 мм<br /><strong>Ширина профиля створки: </strong>73 мм<br /><strong>Цвет: </strong>любой по шкале Ral<br /><strong>Тип профиля: </strong>теплый<br /><strong>Три типоразмера по высоте: </strong>25, 36 и 52 мм<br /><strong>Фурнитура: </strong>Sobino, Giesse, «Сатурн», Roto, Fapim и пр.<br /><strong>Сплав: </strong>6060 ГОСТ 22233-2001<br /><strong>Тип конструции: </strong>входные группы, двери, витражи<br /><strong>Покрытие: </strong>анодирование, полимерное<br /><strong>Термомосты: </strong>Полиамид, 34 мм<br /><strong>Монтаж: </strong>в проем в витраж<br /><strong>Наличие европаза: </strong>да";https://static.tildacdn.com/stor3430-6136-4438-b939-356137396239/38157229.jpg;6000;Дверь многозапорная;Лето;4;
ТАТПРОФ;Алюминиевый профиль;ТПТ-45;"<strong>Ширина профиля рамы: </strong>45 мм<br /><strong>Ширина профиля створки: </strong>53 мм<br /><strong>Цвет: </strong>любой по шкале Ral<br /><strong>Тип профиля: </strong>холодный<br /><strong>Толщина заполнения: </strong>3-24 мм<br /><strong>Три типоразмера по высоте: </strong>25, 36 и 52 мм<br /><strong>Фурнитура: </strong>Sobino, Giesse, «Сатурн», Roto, Fapim и пр.<br /><strong>Сплав: </strong>6060 ГОСТ 22233-2001<br /><strong>Тип конструции: </strong>окна, витражи<br /><strong>Покрытие: </strong>Полимерно-порошковое";https://static.tildacdn.com/stor3733-3839-4165-a238-313932646162/23234014.jpg;5111;Дверь многозапорная;Лето;4;
ТАТПРОФ;Алюминиевый профиль;ЭК-640;"<strong>Толщина заполнения: </strong>3-24 мм<br /><strong>Цвет: </strong>любой по шкале Ral<br /><strong>Открывание: </strong>поворотное, раздвижное<br /><strong>Тип профиля: </strong>холодный<br /><strong>Фурнитура: </strong>Sobino, Giesse, «Сатурн», Roto, Fapim и пр.<br /><strong>Сплав: </strong>6060 ГОСТ 22233-2001<br /><strong>Тип конструции: </strong>оконные блоки, витражи<br /><strong>Покрытие: </strong>Полимерно-порошковое";https://static.tildacdn.com/stor3733-3839-4165-a238-313932646162/23234014.jpg;3516;Дверь многозапорная;Лето;4;
NEWTEX;Алюминиевый профиль;NT 50;"<strong>Толщина рамы: </strong>52 и 60 мм<br /><strong>Толщина створки: </strong>52 и 60 мм<br /><strong>Зазор между рамой и створкой: </strong>5 мм<br /><strong>Тип профиля: </strong>Холодный<br /><strong>Толщина стеклопакетов: </strong>22 мм<br /><strong>Открывание: </strong>Поворотное, поворотно-откидное<br /><strong>Тип конструкции: </strong>окна и двери<br /><strong>Фурнитурный паз: </strong>R40<br /><strong>Обработка поверхности: </strong>Анодирование, декорирование, окрашивание<br /><strong>Материал: </strong>алюминиевый сплав AlMgSi 0,5 F22<br /><strong>Прочностные свойства: </strong>в соответствии с DIN 1748, часть 1<br /><strong>Структура: </strong>в соответствии с DIN 1725, часть 1<br /><strong>Допуски на размеры и форму: </strong>в соответствии с DIN 17615<br /><strong>Тип герметизирующего уплотнения: </strong>внешняя предкамера с перекрытием<br /><strong>Крепление остекления: </strong>обычным или скругленным штапиком, рез под 45 или 90°";https://static.tildacdn.com/stor6162-3762-4466-b134-646166633662/21367470.jpg;4950;Дверь многозапорная;Лето;4;
NEWTEX;Алюминиевый профиль;NT 60;"<strong>Толщина рамы: </strong>60 и 68 мм<br /><strong>Толщина створки: </strong>60 и 68 мм<br /><strong>Зазор между рамой и створкой: </strong>5 мм<br /><strong>Просвет между створкой и верхним краем центрального уплотнения: </strong>5 мм<br /><strong>Полка под стекло: </strong>22 мм, при использовании стандартного или скругленного штапика<br /><strong>Полка примыкания к стене: </strong>22 мм<br /><strong>Толщина стеклопакетов: </strong>22 мм<br /><strong>Открывание: </strong>поворотное, поворотно-откидное<br /><strong>Тип конструкции: </strong>окна и двери<br /><strong>Фурнитурный паз: </strong>R40<br /><strong>Обработка поверхности: </strong>анодирование, декорирование, окрашивание<br /><strong>Материал: </strong>алюминиевый сплав AlMgSi6060 T6<br /><strong>Соответствует: </strong>ГОСТ 22233-2001 (разд. 4,5): ГОСТ 4784-97, UNI EN 573, UNI EN 755-2<br /><strong>Размерность и толщина: </strong>UNI EN 12020-2.<br /><strong>Система уплотнения: </strong>Воздухопроницаемость и водонепроницаемость обеспечиваются центральным и внутренним контурами уплотнения.<br /><strong>Терморазрыв: </strong>2 полиамидных термомоста, армированных стекловолокном, шириной 24 мм<br /><strong>Крепление остекления: </strong>с использованием нормальных и закругленной формы штапиков, разрезаемых под углом 45 или 90°";https://static.tildacdn.com/stor3564-6234-4335-b662-363061333666/56973859.jpg;5250;Дверь многозапорная;Лето;4;
NEWTEX;Алюминиевый профиль;NT 68;"<strong>Толщина рамы: </strong>68 мм<br /><strong>Толщина створки: </strong>68 и 76 мм<br /><strong>Зазор между рамой и створкой: </strong>5 мм<br /><strong>Просвет между створкой и верхним краем центрального уплотнения: </strong>5 мм<br /><strong>Полка под стекло: </strong>22 мм, при использовании стандартного или скругленного штапика<br /><strong>Полка примыкания к стене: </strong>22 мм<br /><strong>Толщина стеклопакетов: </strong>22 мм<br /><strong>Открывание: </strong>поворотное, откидное, поворотно-откидное<br /><strong>Тип конструкции: </strong>окна и двери<br /><strong>Фурнитурный паз: </strong>R40<br /><strong>Обработка поверхности: </strong>анодирование, декорирование, окрашивание<br /><strong>Материал: </strong>алюминиевый сплав AlMgSi6060 T6<br /><strong>Соответствует: </strong>ГОСТ 22233-2001 (разд. 4,5): ГОСТ 4784-97<br /><strong>Размерность и толщина: </strong>UNI EN 12020-2<br /><strong>Система уплотнения: </strong>воздухопроницаемость и водонепроницаемость обеспечиваются центральным и внутренним контурами уплотнения.<br /><strong>Терморазрыв: </strong>осуществляется с помощью двух непрерывных полиамидных термомостов, армированных стекловолокном.<br /><strong>Крепление остекления: </strong>с использованием нормальных и закругленной формы штапиков, разрезаемых под углом 45 или 90°";https://static.tildacdn.com/stor3936-6439-4364-a231-363865386265/84456004.jpg;5870;Дверь многозапорная;Лето;4;
NEWTEX;Алюминиевый профиль;SY 70WD;"<strong>Толщина рамы: </strong>71 мм<br /><strong>Толщина створки: </strong>93 мм<br /><strong>Тип профиля: </strong>Теплый<br /><strong>Зазор между рамой и створкой: </strong>5 мм<br /><strong>Полка примыкания к стене: </strong>22 мм<br /><strong>Толщина стеклопакетов: </strong>26-32 мм<br /><strong>Термомосты: </strong>полиамид, 24 мм<br /><strong>Сопротивление теплопередаче: </strong>0,6 м2°С/Вт<br /><strong>Накладки из древесины: </strong>дуб, красное дерево, орех<br /><strong>Сплав: </strong>EN AW 6060 T66, анодируемый<br /><strong>Терморазрыв: </strong>две непрерывных полиамидных планки шириной 24 мм, армированных стекловолокном<br /><strong>Остекление с максимальной толщиной: </strong>32 мм<br /><strong>Профили принадлежат классу: </strong>DIN 4108, группа 2.1.";https://static.tildacdn.com/stor6532-3162-4162-a363-353463316637/26771684.jpg;6120;Дверь многозапорная;Лето;4;
NEWTEX;Алюминиевый профиль;EL 50N;"<strong>Системная глубина: </strong>48-66 мм<br /><strong>Толщина стеклопакета: </strong>33 мм<br /><strong>Количество камер: </strong>2 шт<br /><strong>Количество камер в стеклопакете: </strong>1 шт<br /><strong>Материал: </strong>алюминиевый сплав AlMgSi6060 T6<br /><strong>Соответствует: </strong>ГОСТ 22233-2001 (разд. 4,5), ГОСТ 4784-97 и UNI EN 573, UNI EN 755-2<br /><strong>Размерность и толщина: </strong>UNI EN 12020-2<br /><strong>Система уплотнения: </strong>Реализовано с использованием снаружи уплотнителей EPDM и прижимной планки.<br />Все соединения должны быть выполнены аккуратно в соответствии с указаниями в каталоге с целью исключения скопления воды внутри конструкций, особенно в местах соединения стоек и ригелей.<br /><strong>Тип профиля: </strong>холодный<br /><strong>Терморазрыв: </strong>Низкая теплопроводность специальных профилей-вкладышей (термомостов), расположенных между внутренними профилями и наружной прижимной планкой, препятствуют теплопередаче. Для повышения сопротивления теплопередаче, существует возможность установки дополнительного изоблока. В горизонтально расположенных прижимных планках и декоративных крышках должны быть сделаны пазы для обеспечения вентиляции панелей из стекла и для отвода скопившейся воды наружу. Места соединений уплотнителей должны быть также герметизированы.<br /><strong>Фурнитурный паз: </strong>определяется в зависимости от систем интегрируемых конструкций (напр., NEWTEC SY68, NEWTEC EL76 и т.д.).<br /><strong>Тип конструкции: </strong>двери и окна";https://static.tildacdn.com/stor3566-3232-4733-b037-333733383239/52258433.jpg;5000;Дверь многозапорная;Лето;4;
NEWTEX;Алюминиевый профиль;EL 60P;"<strong>Толщина створки: </strong>70 мм<br /><strong>Толщина стеклопакета: </strong>6-43 мм<br /><strong>Тип профиля: </strong>теплый<br /><strong>Толщина рамы: </strong>60 мм<br /><strong>Открывание: </strong>поворотное, поворотное-откидное<br /><strong>Теплоизоляция: </strong>0,95-1,98 W/м2К<br /><strong>Гидроизоляция: </strong>E 1200<br /><strong>Фурнитура: </strong>европаз, ""16/12/9""<br /><strong>Воздухопроницаемость: </strong>класс 4<br /><strong>Сопротивление ветровым нагрузкам: </strong>С4";https://static.tildacdn.com/stor6332-6565-4135-b961-306161366631/91197648.jpg;5111;Дверь многозапорная;Лето;4;
NEWTEX;Алюминиевый профиль;EL 65P;"<strong>Толщина рамы: </strong>65 мм<br /><strong>Толщина створки: </strong>75 мм<br /><strong>Термомосты: </strong>из полиамида шириной 29 мм для окон и 19 для дверей<br /><strong>Фурнитура: </strong>Европаз, ""16/12/9""<br /><strong>Тип конструкции: </strong>окна и двери<br /><strong>Тип профиля: </strong>теплый<br /><strong>Заполнение: </strong>стекло, стеклопакет, глухие панели<br /><strong>Толщина заполнения: </strong>14-58 мм<br /><strong>Теплопроводность, max: </strong>Uf=3,4 W/(м2*K)<br /><strong>Звукоизоляция: </strong>до 44 дб<br /><strong>Воздухопроницаемость: </strong>класс 4<br /><strong>Водопроницаемость: </strong>1200 Па/Ра";https://static.tildacdn.com/stor6434-3365-4064-b033-326434326234/45755826.jpg;6210;Дверь многозапорная;Лето;4;
NEWTEX;Алюминиевый профиль;NT 75TT HI;"<strong>Толщина рамы: </strong>75 мм<br /><strong>Толщина створки: </strong>86 мм<br /><strong>Тип конструкции: </strong>окна и двери<br /><strong>Тип профиля: </strong>теплый<br /><strong>Заполнение: </strong>стекло, стеклопакет, глухие панели<br /><strong>Толщина заполнения: </strong>16-62 мм<br /><strong>Теплопроводность, max: </strong>Uf=1,23-3,71 W/(м2*K)<br /><strong>Звукоизоляция: </strong>39-44 дб<br /><strong>Воздухопроницаемость: </strong>класс 4<br /><strong>Водопроницаемость: </strong>E 1200<br /><strong>Тип открывания: </strong>поворотное, поворотно-откидное<br /><strong>Сопротивление ветровым нагрузкам: </strong>С4";https://static.tildacdn.com/stor6364-6635-4464-b234-623030313634/38690848.jpg;6450;Дверь многозапорная;Лето;4;
PROVEDAL;Алюминиевый профиль;C640;"<strong>Тип профиля: </strong>холодный<br /><strong>Монтажная ширина рамы: </strong>60 мм<br /><strong>Монтажная ширина створки: </strong>22 мм<br /><strong>Видимый размер рамы/створки: </strong>32/52 мм<br /><strong>Толщина заполнения: </strong>стекло 5 мм, стеклопакет до 16 мм<br /><strong>Звукоизоляция: </strong>10-12 дБ<br /><strong>Водопроницаемость: </strong>класс E2<br /><strong>Воздухопроницаемость: </strong>класс A3<br /><strong>Типы створок: </strong>глухие, раздвижные<br /><strong>Сопротивление теплоотдаче: </strong>0,07 м2 °С/Вт<br /><strong>Уплотинение: </strong>каучук и фетр<br /><strong>Окрашивание: </strong>Порошковое по шкале RAL<br /><strong>Тип конструкции: </strong>окна, двери, витражи";https://static.tildacdn.com/stor3530-6636-4238-a164-393066623633/46536026.jpg;4150;Дверь многозапорная;Лето;4;
PROVEDAL;Алюминиевый профиль;P400;"<strong>Тип профиля: </strong>холодный<br /><strong>Монтажная ширина рамы: </strong>40 мм<br /><strong>Монтажная ширина створки и импоста: </strong>47 мм<br /><strong>Видимый размер створки и импоста: </strong>70 мм<br /><strong>Толщина заполнения: </strong>стекло 3-7 мм, стеклопакет до 16 мм<br /><strong>Звукоизоляция: </strong>20-27 дБ<br /><strong>Водопроницаемость: </strong>класс E2<br /><strong>Воздухопроницаемость: </strong>класс A3<br /><strong>Типы створок: </strong>глухие, распашные<br /><strong>Сопротивление теплоотдаче: </strong>0,07 м2 °С/Вт<br /><strong>Уплотинение: </strong>каучук и фетр<br /><strong>Окрашивание: </strong>Порошковое по шкале RAL<br /><strong>Тип конструкции: </strong>окна, двери, перегородки";https://static.tildacdn.com/stor3236-3431-4435-b833-646365303163/70029042.jpg;4350;Дверь многозапорная;Лето;4;
SHUKO;Алюминиевый профиль;AWS 50;"<strong>Тип профиля: </strong>теплый<br /><strong>Монтажная глубина: </strong>50 мм<br /><strong>Толщина стеклопакетов: </strong>до 40 мм<br /><strong>Ширина видимой части: </strong>117 мм<br /><strong>Максимальные размеры створок: </strong>высота - 2500 мм, ширина -1700 мм<br /><strong>Теплоизоляция: </strong>\u003E 2,5 W/(m2K)<br /><strong>Звукоизоляция по DIN EN 20140 до Rw в дБ: </strong>43<br /><strong>Взломоустойчивость по DIN EN 1627: </strong>WK1<br /><strong>Гидроизоляция по DIN EN 12208 (класс): </strong>9а<br /><strong>Воздухопроницаемость (класс): </strong>4<br /><strong>Устойчивость к ветровой нагрузке (класс): </strong>С5/В5<br /><strong>Тип конструкции: </strong>окна";https://static.tildacdn.com/stor3061-3530-4830-b134-316633616262/71259829.jpg;13990;Дверь многозапорная;Лето;4;
SHUKO;Алюминиевый профиль;AWS 60;"<strong>Тип профиля: </strong>с регулируемой теплоизоляцией<br /><strong>Монтажная глубина: </strong>60 мм<br /><strong>Толщина стеклопакетов: </strong>до 50 мм<br /><strong>Максимальные размеры створок: </strong>высота - 2500 мм, ширина -1700 мм<br /><strong>Теплоизоляция: </strong>\u003E 1,7 W/(m2K)<br /><strong>Звукоизоляция по DIN EN 20140 до Rw в дБ: </strong>47<br /><strong>Взломоустойчивость по DIN EN 1627: </strong>WK1<br /><strong>Гидроизоляция по DIN EN 12208 (класс): </strong>9а<br /><strong>Воздухопроницаемость (класс): </strong>4<br /><strong>Устойчивость к ветровой нагрузке (класс): </strong>С5/В5<br /><strong>Тип констукции: </strong>окна";https://static.tildacdn.com/stor3133-3337-4933-a266-316138326135/41840009.jpg;16780;Окно глухое;Лето;1;https://wp.profi-bro.ru/static/calc/img/okno-01.jpg
SHUKO;Алюминиевый профиль;AWS 65;"<strong>Тип профиля: </strong>с регулируемой теплоизоляцией<br /><strong>Толщина стеклопакетов: </strong>до 55 мм<br /><strong>Максимальные размеры створок: </strong>высота - 2500 мм, ширина -1700 мм<br /><strong>Теплоизоляция: </strong>\u003E 1,9 W/(m2K)<br /><strong>Коэффициент Uf в Вт/(м2*К): </strong>2,2<br /><strong>Монтажная глубина: </strong>65 мм<br /><strong>Видимая ширина: </strong>117 мм<br /><strong>Использование Schuco TipTronic: </strong>Да<br /><strong>Звукоизоляция по стандарт DIN EN 20140 до Rw в дБ: </strong>47<br /><strong>Взломоустойчивость по стандарт DIN EN 1627: </strong>WK3 (RC3)<br /><strong>Гидроизоляция по стандарт DIN EN 12208 (класс): </strong>9а<br /><strong>Воздухопроницаемость (класс) DIN 12207: </strong>4<br /><strong>Устойчивость к ветровой нагрузке (класс) DIN 12210: </strong>С5/B5<br /><strong>Тип конструкции: </strong>окна";https://static.tildacdn.com/stor6537-6162-4465-b436-343037663339/48175539.jpg;23210;Окно глухое;Лето;1;https://wp.profi-bro.ru/static/calc/img/okno-01.jpg
SHUKO;Алюминиевый профиль;AWS 70.HI;"<strong>Монтажная глубина: </strong>70 мм<br /><strong>Видимая ширина рамы и створки: </strong>117 мм<br /><strong>Теплоизоляция (приведенное сопротивление теплопередаче конструкции): </strong>не менее 0,71 м2·°С/Вт<br /><strong>Коэффициент теплопроводности профильной системы: </strong>Uf 1,6 Вт/м2<br /><strong>Звукоизоляция: </strong>Rw до 48 дБА<br /><strong>Воздухопроницаемость в соответствии с ГОСТ 23166-99: </strong>Класс А<br /><strong>Гидроизоляция в соответствии с ГОСТ 23166-99: </strong>Класс А<br /><strong>Сопротивление ветровой нагрузке в соответствии с ГОСТ 23166-99: </strong>Класс А, 1000 Па и более<br /><strong>Долговечность EPDM уплотнителей: </strong>50 условных лет<br /><strong>Максимальные габариты створки (ширина х высота): </strong>1000х2500 мм. или 1700х2100 мм<br /><strong>Цвет профиля: </strong>любой по шкале RAL<br /><strong>Максимальная толщина стеклопакета: </strong>52 мм<br /><strong>Максимальный вес створки: </strong>до 250 кг<br /><strong>Угол открывания створки: </strong>до 180 градусов<br /><strong>Взломоустойчивость: </strong>до класса WK3";https://static.tildacdn.com/stor3164-3461-4636-a439-306234656135/62244385.jpg;24980;Окно глухое;Лето;1;https://wp.profi-bro.ru/static/calc/img/okno-01.jpg
SHUKO;Алюминиевый профиль;AWS 75;"<strong>Тип профиля: </strong>теплый<br /><strong>Монтажная глубина: </strong>75 мм<br /><strong>Толщина стеклопакетов: </strong>до 61 мм<br /><strong>Максимальные размеры створок: </strong>высота - 2500 мм, ширина - 1700 мм<br /><strong>Варианты: </strong>AWS 75PD.SI, 75PD.SI+, 75BS.SI+, 75WF.SI+<br /><strong>Теплоизоляция: </strong>0,92 W/(m2K)<br /><strong>Звукоизоляций: </strong>48 дб<br /><strong>Воздухопроницаемость: </strong>Класс 4<br /><strong>Гидроизоляция: </strong>9А<br /><strong>Защита от взлома: </strong>RC2/RC3<br /><strong>Устойчивость к ветровым нагрузкам: </strong>C5/B5<br /><strong>Тип конструкции: </strong>Окна";https://static.tildacdn.com/stor6139-3336-4064-a238-636531363963/95427703.jpg;29110;Окно глухое;Лето;1;https://wp.profi-bro.ru/static/calc/img/okno-01.jpg
SHUKO;Алюминиевый профиль;AWS 75.SI+;"<strong>Глубина наружной рамы: </strong>75 мм<br /><strong>Видимая ширина рамы и створки: </strong>117 мм<br /><strong>Очень высокая теплоизоляция: </strong>Uf 0,9 - 1,6 Вт/м?K<br /><strong>Цвет профиля: </strong>любой по шкале RAL<br /><strong>Максимальная толщина стеклопакета: </strong>61 мм<br /><strong>Максимальный вес створки: </strong>до 250 кг<br /><strong>Угол открывания створки: </strong>до 180 градусов<br /><strong>Coвмecтимocть c двepнoй cиcтeмoй: </strong>Schuco ADS 75<br /><strong>Возможно применение электроприводной фурнитуры: </strong>Schuco TipTronic<br /><strong>Взломоустойчивость: </strong>до класса WK3<br /><strong>Максимальная габариты створки (ширина х высота): </strong>1000х2500 мм. или 1700х2100 мм<br /><strong>Гидроизоляция по стандарту DIN EN 12208 (класс): </strong>9а<br /><strong>Воздухопроницаемость по стандарту DIN 12207 (класс): </strong>4<br /><strong>Устойчивость к ветровой нагрузке по стандарту DIN 12210 (класс): </strong>C5/B5<br /><strong>Звукоизоляция/Стандарт DIN EN 20140 до Rw в дБ: </strong>48";https://static.tildacdn.com/stor3962-3135-4337-b862-623635363532/48920436.jpg;29990;Окно глухое;Лето;1;https://wp.profi-bro.ru/static/calc/img/okno-01.jpg
SHUKO;Алюминиевый профиль;AWS 90;"<strong>Монтажная глубина: </strong>90 мм<br /><strong>Толщина стеклопакета: </strong>68 мм<br /><strong>Теплоизоляция: </strong>0,71 W/(m2K)<br /><strong>Звукоизоляция: </strong>49 dB(A)<br /><strong>Воздухопроницаемость, класс: </strong>4А<br /><strong>Гидроизоляция, класс: </strong>9A<br /><strong>Защита от взлома: </strong>RC3<br /><strong>Устойчивость к ветровым нагрузкам, класс: </strong>C5/B5<br /><strong>Полиамидные термомосты:</strong> изготовлены с использованием экологичного касторового масла";https://static.tildacdn.com/stor6139-6536-4033-b533-616233396461/30417178.jpg;32815;Окно глухое;Лето;1;https://wp.profi-bro.ru/static/calc/img/okno-01.jpg
SHUKO;Алюминиевый профиль;AWS 112.IC;"<strong>Тип профиля: </strong>теплый<br /><strong>Монтажная глубина: </strong>112 мм<br /><strong>Толщина стеклопакета: </strong>56 мм<br /><strong>Теплоизоляция: </strong>0,72 W/(m2K)<br /><strong>Звукоизоляция: </strong>47 dB(A)<br /><strong>Воздухопроницаемость, класс: </strong>4А<br /><strong>Гидроизоляция, класс: </strong>9A<br /><strong>Защита от взлома: </strong>RC2<br /><strong>Устойчивость к ветровым нагрузкам, класс: </strong>C5/B5<br /><strong>Тип конструкции: </strong>окна";https://static.tildacdn.com/stor3036-3165-4162-b461-663063633238/42596635.jpg;29990;Окно глухое;Лето;1;https://wp.profi-bro.ru/static/calc/img/okno-01.jpg
SHUKO;Алюминиевый профиль;AWS 120 CC.SI;"<strong>Тип профиля: </strong>теплый<br /><strong>Монтажная глубина: </strong>120 мм<br /><strong>Толщина стеклопакета: </strong>50 мм<br /><strong>Теплоизоляция: </strong>0,84 W/(m2K)<br /><strong>Звукоизоляция: </strong>56 dB(A)<br /><strong>Воздухопроницаемость, класс: </strong>4А<br /><strong>Гидроизоляция, класс: </strong>9A<br /><strong>Защита от взлома: </strong>RC2<br /><strong>Устойчивость к ветровым нагрузкам, класс: </strong>C5/B5<br /><strong>Максимальные размеры створок: </strong>высота - 2500 мм, ширина - 1700 мм<br /><strong>Тип конструкции: </strong>окна";https://static.tildacdn.com/stor3038-6365-4531-b161-666663353136/58324030.jpg;33780;Окно п/о;Лето;2;https://wp.profi-bro.ru/static/calc/img/okno-03.jpg
ALUMARK;Алюминиевый профиль;АLUMARK S70;"<strong>Тип профиля: </strong>теплый<br /><strong>Количество камер профиля: </strong>3<br /><strong>Ширина профиля рамы: </strong>70 мм<br /><strong>Ширина профиля створки: </strong>80 мм<br /><strong>Заполнение: </strong>стекла, стеклопакеты<br /><strong>Толщина стеклопакета: </strong>от 16 мм до 54 мм<br /><strong>Теплоизоляция: </strong>k=\u003E 1,6-2,2 W/м2K<br /><strong>Звукоизоляция: </strong>29-32 дБ<br /><strong>Количество контуров уплотнителя: </strong>2<br /><strong>Уплотнители: </strong>искусственный каучук (EPDM)<br /><strong>Открывание: </strong>поворотные, поворотно-откидные створки<br /><strong>Обработка поверхности: </strong>Порошковое окрашивание, анодирование<br /><strong>Используемая фурнитура: </strong>Giesse, Roto, SavioиFapim<br /><strong>Срок службы: </strong>до 80 лет";https://static.tildacdn.com/stor6662-3966-4866-b738-306464336135/49183644.jpg;5870;Окно п/о;Лето;2;https://wp.profi-bro.ru/static/calc/img/okno-03.jpg
KRAUSS;Алюминиевый профиль;KRWD-45;"<strong>Тип профиля: </strong>холодный<br /><strong>Количество камер: </strong>1<br /><strong>Монтажная глубина: </strong>45 мм<br /><strong>Ширина створки: </strong>53 мм<br /><strong>Толщина стенок: </strong>1,5-2 мм<br /><strong>Видимая часть профиля: </strong>26, 32, 38, 44, 50 мм<br /><strong>Заполнение: </strong>стекло, стеклопакеты или или сэндвич-панели<br /><strong>Толщина заполнения: </strong>1-28 мм<br /><strong>Фурнитура: </strong>Европаз<br /><strong>Профиль: </strong>изготовлен методом горячего прессования из сплава 6063 (в соответствии с ГОСТ 22233-2001)<br /><strong>Уплотнитель: </strong>двухконтурное уплотнение из резины EPDM (в соответствии с ГОСТ 30778-2001)<br /><strong>Обработка поверхности: </strong>Порошковое окрашивание по шкале RAL<br /><strong>Тип конструкции: </strong>двери и окна";https://static.tildacdn.com/stor6432-3834-4731-b535-333961643965/63224420.jpg;4340;Окно п/о;Лето;2;https://wp.profi-bro.ru/static/calc/img/okno-03.jpg
KRAUSS;Алюминиевый профиль;KRWD-64;"<strong>Тип профиля: </strong>теплый<br /><strong>Количество камер: </strong>3<br /><strong>Монтажная глубина:</strong> 64 мм<br /><strong>Ширина створки: </strong>72 мм<br /><strong>Толщина стенок: </strong>от 4 до 47 мм<br /><strong>Видимая часть профиля: </strong>26, 32, 38, 44, 50 мм<br /><strong>Заполнение: </strong>стекло, стеклопакеты или или сэндвич-панели<br /><strong>Толщина заполнения: </strong>1-28 мм<br /><strong>Фурнитура: </strong>Европаз<br /><strong>Профиль: </strong>из сплава 6063 в соответствии с ГОСТ 22233-2001<br /><strong>Уплотнитель: </strong>2 контура из резины на основе EPDM<br /><strong>Обработка поверхности: </strong>Порошковое окрашивание по шкале RAL<br /><strong>Термовставки: </strong>из полиамида 6.6 с 25% стекловолокна в соответствии с ГОСТ 31014-2002<br /><strong>Тип конструкции: </strong>двери и окна";https://static.tildacdn.com/stor3565-3034-4564-a535-616463653665/85773739.jpg;5150;Окно п/о;Лето;2;https://wp.profi-bro.ru/static/calc/img/okno-03.jpg
НОУНЭЙМ;Деревянный профиль;СОСНА ;<strong>Материал: </strong>Ангарская сосна 1 и 3 сорта<br /><strong>Профиль: </strong>трехслойный клееный брус 78 мм<br /><strong>Стеклопакет: </strong>двухкамерный до 42 мм<br /><strong>Срок эксплуатации: </strong>до 50 лет;https://static.tildacdn.com/stor3534-3764-4837-b763-366436393764/92926800.jpg;13000;Окно п/о;Лето;2;https://wp.profi-bro.ru/static/calc/img/okno-03.jpg
НОУНЭЙМ;Деревянный профиль;ЛИСТВЕННИЦА;<strong>Материал: </strong>Сибирская лиственница 1 и 3 сорта<br /><strong>Профиль: </strong>трехслойный клееный брус 78 мм<br /><strong>Стеклопакет: </strong>двухкамерный до 42 мм<br /><strong>Срок эксплуатации: </strong> до 70 лет;https://static.tildacdn.com/stor3364-6463-4236-a437-626262363631/78199875.jpg;18000;Окно п/о;Лето;2;https://wp.profi-bro.ru/static/calc/img/okno-03.jpg
НОУНЭЙМ;Деревянный профиль;ДУБ;<strong>Материал: </strong>дуб первого сорта<br /><strong>Профиль: </strong>трехслойный клееный брус 78 мм<br /><strong>Стеклопакет: </strong>двухкамерный до 42 мм<br /><strong>Срок эксплуатации: </strong>до 80 лет;https://static.tildacdn.com/stor6566-6234-4963-b836-616561633634/20070873.jpg;21000;Окно глухое;Лето;1;https://wp.profi-bro.ru/static/calc/img/okno-01.jpg
НОУНЭЙМ;Деревянный профиль;ДЕРЕВО-АЛЮМИНИЙ;<strong>Профиль: </strong>трехслойный клееный брус сосны 78 мм с алюминиевыми накладками<br /><strong>Стеклопакет: </strong>двухкамерный до 42 мм<br /><strong>Срок эксплуатации: </strong>от 80 лет;https://static.tildacdn.com/stor3461-3163-4464-a536-643831626135/73382241.jpg;25000;Окно глухое;Лето;1;https://wp.profi-bro.ru/static/calc/img/okno-01.jpg
